epoch,step,train_loss
0,49,38.43859100341797
1,99,28.4375
1,149,26.5625
2,199,21.5625
3,249,20.319316864013672
3,299,15.9375
4,349,13.75
5,399,12.192834854125977
5,449,11.999519348144531
6,499,11.875
7,549,11.875
7,599,12.1875
8,649,10.575824737548828
9,699,11.875
9,749,10.0
