{
  "0.1": [6.802511215209961, 108757],
  "0.2": [6.865365743637085, 308977],
  "0.30000000000000004": [7.495743274688721, 573725],
  "0.4": [8.756420612335205, 882127],
  "0.5": [12.7928307056427, 1196639],
  "0.6": [13.850467205047607, 1491497],
  "0.7000000000000001": [13.978587865829468, 1743835],
  "0.8": [17.37396812438965, 1963671],
  "0.9": [18.956350803375244, 2153945],
  "1.0": [16.910316705703735, 2311169]
}
