{
  "0.01": [5.293325662612915, 9871],
  "0.02": [4.220156908035278, 17227],
  "0.03": [4.331640243530273, 26195],
  "0.04": [4.70859169960022, 35423],
  "0.05": [4.3043434619903564, 44043],
  "0.060000000000000005": [4.590898036956787, 54087],
  "0.06999999999999999": [4.450037956237793, 64845],
  "0.08": [4.583505630493164, 77991],
  "0.09": [4.726643085479736, 93285],
  "0.09999999999999999": [4.878759384155273, 108757]
}
