{
  "0.01": [5.599402666091919, 9871],
  "0.02": [4.577259063720703, 17227],
  "0.03": [4.755535125732422, 26189],
  "0.04": [4.607980012893677, 35419],
  "0.05": [4.754643678665161, 44037],
  "0.060000000000000005": [4.874633550643921, 54071],
  "0.06999999999999999": [4.790662527084351, 64815],
  "0.08": [4.9351770877838135, 77943],
  "0.09": [5.386868476867676, 93163],
  "0.09999999999999999": [4.991774320602417, 108515]
}
