{
  "0.1": [5.452693700790405, 108515],
  "0.2": [6.290077209472656, 308439],
  "0.30000000000000004": [7.256286859512329, 576381],
  "0.4": [8.282618284225464, 887823],
  "0.5": [9.708449363708496, 1212217],
  "0.6": [11.678417444229126, 1527445],
  "0.7000000000000001": [15.196357250213623, 1809919],
  "0.8": [16.0162513256073, 2068989],
  "0.9": [16.64624571800232, 2293347],
  "1.0": [16.82854437828064, 2476565]
}
